employee_id,department,tenure_years,perf_grade,engagement,last_1on1_days,status,leave_type,leave_month,risk_score
E1001,영업,1.2,C,18,73,재직,,,82
E1002,PM,2.8,B,32,45,재직,,,74
E1003,영업,0.8,C,15,62,재직,,,71
E1004,영업,2.1,C,17,66,재직,,,73
E1005,영업,1.4,D,16,60,재직,,,72
E1006,마케팅,0.9,C,20,58,재직,,,70
E1007,마케팅,1.8,C,19,55,재직,,,71
E1008,개발,0.7,D,14,70,재직,,,70
E1009,개발,1.1,C,22,52,재직,,,72
E1010,PM,1.0,D,12,68,재직,,,75
E1011,디자인,1.1,C,24,49,재직,,,70
E1012,영업,0.6,D,13,71,재직,,,76
E1013,개발,2.7,A,91,16,재직,,,10
E1014,개발,4.9,C,68,37,재직,,,42
E1015,개발,4.3,A,44,36,재직,,,35
E1016,개발,3.8,B,66,10,재직,,,23
E1017,개발,1.8,B,45,29,재직,,,30
E1018,개발,4.3,B,49,13,재직,,,31
E1019,개발,4.1,A,75,43,재직,,,34
E1020,개발,6.0,A,40,18,재직,,,37
E1021,개발,1.3,B,92,34,재직,,,16
E1022,개발,1.8,B,83,40,재직,,,21
E1023,개발,3.2,C,71,40,재직,,,38
E1024,개발,5.5,B,67,19,재직,,,18
E1025,개발,0.6,D,87,14,재직,,,20
E1026,개발,4.4,B,52,19,재직,,,28
E1027,개발,4.0,B,68,8,재직,,,15
E1028,개발,2.5,B,64,14,재직,,,14
E1029,개발,4.4,C,55,35,재직,,,49
E1030,개발,4.6,A,69,41,재직,,,31
E1031,개발,3.7,C,82,44,재직,,,35
E1032,개발,2.5,B,46,33,재직,,,34
E1033,개발,6.2,S,39,23,재직,,,40
E1034,개발,3.8,A,74,18,재직,,,14
E1035,개발,1.8,C,94,29,재직,,,30
E1036,개발,3.7,B,89,21,재직,,,12
E1037,개발,3.4,B,39,44,재직,,,47
E1038,개발,5.7,B,88,28,재직,,,22
E1039,개발,6.3,C,50,19,재직,,,38
E1040,개발,5.9,B,53,12,재직,,,20
E1041,개발,4.8,B,77,11,재직,,,19
E1042,개발,2.1,C,81,40,재직,,,29
E1043,개발,4.8,B,51,40,재직,,,36
E1044,개발,3.4,S,88,30,재직,,,15
E1045,개발,2.8,S,50,34,재직,,,33
E1046,개발,0.7,C,74,19,재직,,,23
E1047,개발,2.1,B,62,28,재직,,,24
E1048,개발,4.3,D,37,9,재직,,,34
E1049,개발,4.1,C,73,29,재직,,,37
E1050,개발,2.4,A,76,25,재직,,,23
E1051,개발,4.9,B,46,35,재직,,,36
E1052,개발,2.6,C,82,44,재직,,,35
E1053,개발,4.0,B,79,29,재직,,,25
E1054,개발,3.7,A,35,14,재직,,,36
E1055,개발,2.4,B,49,42,재직,,,36
E1056,개발,3.3,C,93,38,재직,,,29
E1057,개발,3.0,A,89,21,재직,,,9
E1058,개발,4.3,S,64,40,재직,,,32
E1059,개발,3.3,A,81,9,재직,,,12
E1060,개발,6.2,B,62,43,재직,,,38
E1061,개발,1.9,B,63,19,재직,,,17
E1062,개발,5.8,C,80,10,재직,,,22
E1063,개발,5.8,B,62,34,재직,,,24
E1064,개발,4.9,A,66,43,재직,,,38
E1065,개발,2.6,A,69,44,재직,,,29
E1066,개발,4.4,B,40,43,재직,,,39
E1067,개발,3.4,B,92,7,재직,,,9
E1068,개발,2.7,B,37,18,재직,,,32
E1069,개발,1.0,C,47,13,재직,,,40
E1070,개발,2.1,B,41,28,재직,,,35
E1071,개발,4.7,S,54,42,재직,,,32
E1072,개발,2.6,D,50,37,재직,,,49
E1073,개발,1.9,B,35,40,재직,,,48
E1074,개발,3.4,A,43,19,재직,,,32
E1075,개발,2.8,A,42,26,재직,,,34
E1076,개발,1.2,C,73,28,재직,,,33
E1077,개발,1.4,B,63,19,재직,,,25
E1078,개발,5.2,B,44,44,재직,,,40
E1079,개발,2.7,C,44,42,재직,,,51
E1080,개발,2.3,B,85,12,재직,,,13
E1081,개발,3.0,B,90,19,재직,,,13
E1082,개발,5.7,D,77,23,재직,,,32
E1083,개발,5.4,B,89,25,재직,,,17
E1084,개발,4.4,B,50,27,재직,,,35
E1085,개발,3.2,C,84,36,재직,,,30
E1086,개발,0.5,B,50,36,재직,,,38
E1087,개발,1.8,A,81,41,재직,,,23
E1088,개발,3.8,D,47,25,재직,,,37
E1089,개발,1.3,C,93,8,재직,,,15
E1090,개발,1.1,B,50,42,재직,,,42
E1091,개발,1.1,C,44,32,재직,,,46
E1092,개발,2.7,B,45,17,재직,,,31
E1093,개발,3.1,D,87,8,재직,,,19
E1094,개발,2.8,B,90,19,재직,,,10
E1095,개발,4.8,B,56,14,재직,,,23
E1096,개발,4.7,C,50,22,재직,,,45
E1097,개발,4.7,B,84,20,재직,,,14
E1098,개발,2.5,C,75,18,재직,,,28
E1099,개발,2.6,C,77,13,재직,,,29
E1100,개발,1.0,D,37,39,재직,,,52
E1101,개발,2.9,B,62,34,재직,,,35
E1102,개발,4.9,B,93,15,재직,,,11
E1103,개발,5.8,B,71,36,재직,,,27
E1104,개발,4.4,B,56,33,재직,,,29
E1105,개발,1.5,A,41,40,재직,,,45
E1106,개발,5.2,B,75,14,재직,,,19
E1107,개발,2.1,A,80,26,재직,,,15
E1108,개발,2.5,B,74,14,재직,,,14
E1109,개발,5.7,B,92,31,재직,,,18
E1110,개발,2.8,B,89,37,재직,,,17
E1111,개발,5.0,A,59,33,재직,,,28
E1112,개발,5.1,A,89,29,재직,,,23
E1113,개발,0.9,A,79,38,재직,,,23
E1114,개발,5.6,B,45,39,재직,,,37
E1115,개발,5.4,A,43,15,재직,,,33
E1116,개발,2.3,S,69,34,재직,,,26
E1117,개발,4.4,C,57,32,재직,,,41
E1118,개발,0.5,B,46,32,재직,,,40
E1119,개발,2.5,B,82,44,재직,,,32
E1120,개발,2.9,A,58,7,재직,,,22
E1121,개발,5.1,A,78,13,재직,,,18
E1122,개발,0.6,A,36,26,재직,,,42
E1123,개발,2.7,A,40,20,재직,,,35
E1124,개발,4.4,A,56,21,재직,,,25
E1125,개발,2.1,A,92,31,재직,,,17
E1126,개발,4.3,C,43,21,재직,,,41
E1127,개발,1.1,A,85,30,재직,,,19
E1128,개발,2.9,A,63,19,재직,,,18
E1129,개발,6.1,B,41,30,재직,,,36
E1130,개발,0.5,A,37,12,재직,,,33
E1131,개발,5.5,A,65,35,재직,,,27
E1132,개발,4.9,B,38,37,재직,,,42
E1133,개발,2.1,B,36,41,재직,,,38
E1134,개발,1.3,B,64,7,재직,,,17
E1135,개발,1.5,B,66,18,재직,,,20
E1136,개발,5.2,C,73,18,재직,,,25
E1137,개발,1.1,A,64,37,재직,,,37
E1138,개발,1.8,A,81,43,재직,,,21
E1139,개발,5.8,B,45,44,재직,,,38
E1140,개발,1.1,B,57,33,재직,,,30
E1141,개발,0.9,A,35,38,재직,,,39
E1142,개발,4.9,B,66,16,재직,,,23
E1143,개발,4.3,B,89,33,재직,,,20
E1144,개발,1.6,B,44,15,재직,,,28
E1145,개발,1.6,B,68,8,재직,,,19
E1146,개발,4.2,D,66,15,재직,,,36
E1147,개발,1.1,D,48,31,재직,,,50
E1148,개발,1.6,B,84,20,재직,,,20
E1149,개발,4.7,A,52,40,재직,,,35
E1150,개발,5.1,C,93,26,재직,,,26
E1151,개발,2.3,D,77,19,재직,,,25
E1152,개발,3.4,B,74,9,재직,,,12
E1153,개발,1.0,B,92,38,재직,,,25
E1154,개발,1.6,A,91,12,재직,,,8
E1155,개발,4.2,B,58,18,재직,,,27
E1156,개발,4.1,B,69,37,재직,,,24
E1157,개발,2.7,C,47,20,재직,,,40
E1158,개발,2.5,B,67,43,재직,,,30
E1159,개발,1.2,B,59,39,재직,,,38
E1160,개발,5.9,B,65,11,재직,,,23
E1161,개발,1.4,C,83,7,재직,,,25
E1162,개발,3.1,D,56,15,재직,,,39
E1163,개발,3.8,A,44,7,재직,,,24
E1164,개발,4.6,B,71,24,재직,,,27
E1165,개발,0.8,B,42,41,재직,,,41
E1166,개발,2.3,B,49,33,재직,,,30
E1167,개발,4.7,C,93,36,재직,,,27
E1168,개발,5.4,A,74,23,재직,,,22
E1169,개발,4.5,C,90,42,재직,,,32
E1170,개발,1.5,A,44,26,재직,,,34
E1171,개발,1.5,A,40,41,재직,,,43
E1172,개발,6.2,A,69,33,재직,,,23
E1173,개발,3.9,D,65,25,재직,,,35
E1174,개발,2.7,D,87,33,재직,,,34
E1175,개발,5.0,C,74,20,재직,,,27
E1176,개발,5.6,B,84,42,재직,,,23
E1177,개발,0.6,B,40,15,재직,,,25
E1178,개발,0.9,B,67,34,재직,,,26
E1179,개발,5.1,B,91,7,재직,,,8
E1180,개발,4.7,C,86,18,재직,,,19
E1181,개발,5.9,A,55,16,재직,,,28
E1182,개발,0.5,S,59,24,재직,,,30
E1183,개발,1.6,D,94,9,재직,,,19
E1184,개발,2.7,B,73,14,재직,,,19
E1185,개발,0.8,B,85,23,재직,,,16
E1186,개발,4.9,A,37,42,재직,,,44
E1187,개발,1.1,C,50,37,재직,,,50
E1188,개발,0.9,B,72,15,재직,,,18
E1189,개발,0.7,A,67,39,재직,,,28
E1190,개발,3.3,S,83,29,재직,,,22
E1191,개발,4.8,A,75,32,재직,,,23
E1192,개발,0.9,B,80,23,재직,,,23
E1193,개발,6.1,B,48,23,재직,,,27
E1194,개발,4.6,C,86,16,재직,,,23
E1195,개발,1.1,A,60,34,재직,,,27
E1196,개발,1.6,B,54,28,재직,,,34
E1197,개발,4.7,S,56,10,재직,,,20
E1198,개발,4.5,B,93,38,재직,,,22
E1199,개발,4.9,B,81,33,재직,,,17
E1200,개발,3.6,B,57,37,재직,,,29
E1201,개발,1.6,B,74,32,재직,,,30
E1202,개발,3.2,A,58,23,재직,,,25
E1203,개발,3.2,A,42,25,재직,,,33
E1204,개발,5.3,A,64,36,재직,,,25
E1205,개발,4.0,B,74,31,재직,,,26
E1206,개발,1.0,C,37,41,재직,,,50
E1207,개발,5.7,B,48,42,재직,,,44
E1208,개발,2.8,B,89,8,재직,,,8
E1209,개발,4.2,S,88,31,재직,,,17
E1210,개발,2.4,B,36,41,재직,,,49
E1211,개발,5.5,B,43,22,재직,,,36
E1212,개발,2.2,B,73,9,재직,,,12
E1213,개발,3.6,C,40,14,재직,,,45
E1214,개발,0.7,A,53,23,재직,,,34
E1215,개발,5.7,B,57,21,재직,,,28
E1216,개발,4.9,S,41,8,재직,,,31
E1217,개발,4.7,B,55,8,재직,,,25
E1218,개발,1.1,C,76,17,재직,,,31
E1219,개발,2.9,B,40,31,재직,,,33
E1220,개발,0.5,C,91,36,재직,,,28
E1221,개발,5.7,A,85,29,재직,,,16
E1222,개발,5.5,C,52,44,재직,,,45
E1223,개발,3.8,S,88,42,재직,,,26
E1224,개발,3.7,B,69,32,재직,,,24
E1225,개발,1.2,A,72,22,재직,,,16
E1226,개발,1.7,B,76,27,재직,,,18
E1227,개발,5.9,C,81,14,재직,,,25
E1228,개발,4.8,D,58,19,재직,,,39
E1229,개발,1.2,B,84,21,재직,,,16
E1230,개발,3.8,C,68,20,재직,,,30
E1231,개발,4.4,B,36,43,재직,,,43
E1232,개발,0.8,C,72,29,재직,,,29
E1233,개발,4.0,B,39,13,재직,,,29
E1234,개발,2.7,C,43,27,재직,,,48
E1235,개발,0.8,B,78,20,재직,,,16
E1236,개발,2.8,C,48,25,재직,,,36
E1237,개발,0.9,C,58,9,재직,,,30
E1238,개발,6.2,C,60,11,재직,,,27
E1239,개발,3.1,A,52,23,재직,,,31
E1240,개발,4.3,D,61,27,재직,,,36
E1241,개발,4.5,B,67,44,재직,,,37
E1242,개발,2.5,B,61,35,재직,,,37
E1243,개발,3.5,B,47,27,재직,,,36
E1244,개발,3.7,A,94,16,재직,,,12
E1245,개발,5.3,A,39,37,재직,,,41
E1246,개발,0.8,B,69,25,재직,,,24
E1247,개발,3.5,A,37,43,재직,,,48
E1248,개발,0.5,B,84,31,재직,,,26
E1249,개발,3.0,B,40,38,재직,,,38
E1250,개발,2.0,A,69,40,재직,,,35
E1251,개발,3.0,B,89,33,재직,,,23
E1252,개발,2.4,D,77,27,재직,,,28
E1253,개발,1.6,A,43,40,재직,,,35
E1254,개발,2.3,S,51,10,재직,,,20
E1255,개발,5.9,B,36,25,재직,,,30
E1256,개발,3.1,A,86,21,재직,,,11
E1257,개발,4.4,B,46,33,재직,,,31
E1258,개발,0.7,S,73,23,재직,,,15
E1259,개발,0.8,B,39,10,재직,,,31
E1260,개발,3.5,B,77,38,재직,,,23
E1261,개발,2.2,C,36,36,재직,,,49
E1262,개발,1.3,D,87,20,재직,,,21
E1263,개발,4.9,B,76,18,재직,,,22
E1264,개발,4.2,B,81,29,재직,,,15
E1265,개발,3.6,B,92,28,재직,,,21
E1266,개발,2.3,B,61,32,재직,,,32
E1267,개발,5.0,A,38,19,재직,,,30
E1268,개발,5.1,A,77,7,재직,,,10
E1269,개발,1.5,B,56,28,재직,,,33
E1270,개발,3.2,B,52,37,재직,,,33
E1271,개발,5.8,B,73,35,재직,,,31
E1272,개발,0.7,D,63,18,재직,,,35
E1273,개발,4.9,B,93,10,재직,,,10
E1274,개발,4.1,B,94,37,재직,,,22
E1275,개발,2.5,B,76,22,재직,,,16
E1276,개발,3.1,C,69,26,재직,,,40
E1277,개발,3.4,B,53,23,재직,,,33
E1278,개발,1.7,B,86,19,재직,,,17
E1279,개발,0.4,B,54,13,재직,,,24
E1280,개발,3.5,B,87,23,재직,,,14
E1281,개발,3.3,B,56,38,재직,,,32
E1282,개발,3.2,B,87,35,재직,,,22
E1283,개발,1.4,B,86,44,재직,,,30
E1284,개발,5.0,B,94,9,재직,,,8
E1285,개발,5.7,D,82,24,재직,,,26
E1286,개발,4.4,B,78,29,재직,,,21
E1287,개발,1.4,B,38,38,재직,,,45
E1288,개발,4.1,B,53,21,재직,,,29
E1289,개발,6.2,A,59,26,재직,,,22
E1290,개발,5.5,A,62,35,재직,,,26
E1291,개발,3.4,A,50,32,재직,,,38
E1292,개발,4.5,B,77,29,재직,,,19
E1293,개발,4.0,A,85,8,재직,,,12
E1294,개발,1.4,C,94,27,재직,,,27
E1295,개발,0.5,D,75,26,재직,,,26
E1296,개발,5.3,D,76,32,재직,,,36
E1297,개발,5.1,B,49,39,재직,,,34
E1298,개발,2.3,C,44,38,재직,,,54
E1299,개발,1.0,B,59,9,재직,,,20
E1300,개발,0.5,B,86,44,재직,,,21
E1301,개발,4.9,A,51,32,재직,,,38
E1302,개발,0.9,B,78,15,재직,,,9
E1303,개발,1.4,B,54,13,재직,,,20
E1304,개발,1.7,B,51,25,재직,,,29
E1305,개발,4.0,A,59,10,재직,,,18
E1306,개발,4.6,B,91,41,재직,,,27
E1307,개발,4.2,B,67,37,재직,,,31
E1308,개발,2.5,B,84,21,재직,,,21
E1309,개발,3.7,S,93,14,재직,,,11
E1310,개발,4.0,B,63,30,재직,,,34
E1311,개발,1.1,C,43,34,재직,,,53
E1312,개발,3.5,B,40,14,재직,,,26
E1313,개발,4.5,S,76,27,재직,,,20
E1314,개발,4.9,C,65,36,재직,,,35
E1315,개발,6.0,B,40,26,재직,,,36
E1316,개발,1.1,B,62,21,재직,,,30
E1317,개발,3.9,B,67,38,재직,,,34
E1318,개발,1.7,D,42,33,재직,,,51
E1319,개발,1.5,D,70,31,재직,,,37
E1320,개발,3.4,C,49,23,재직,,,42
E1321,개발,2.0,B,55,39,재직,,,37
E1322,개발,3.5,C,75,38,재직,,,33
E1323,개발,1.3,D,87,44,재직,,,38
E1324,개발,6.3,B,56,22,재직,,,25
E1325,개발,4.1,B,35,28,재직,,,33
E1326,개발,4.8,A,65,36,재직,,,35
E1327,개발,4.5,C,76,13,재직,,,26
E1328,개발,2.6,A,66,11,재직,,,14
E1329,개발,3.9,A,43,7,재직,,,29
E1330,개발,5.3,A,87,35,재직,,,20
E1331,개발,5.2,A,53,21,재직,,,29
E1332,개발,3.0,C,62,41,재직,,,47
E1333,개발,0.9,B,45,18,재직,,,32
E1334,개발,1.0,A,78,21,재직,,,12
E1335,개발,1.1,A,78,35,재직,,,20
E1336,개발,2.1,A,55,32,재직,,,27
E1337,개발,2.8,S,83,14,재직,,,14
E1338,개발,5.5,A,62,32,재직,,,35
E1339,개발,2.2,B,89,9,재직,,,8
E1340,개발,6.1,D,80,23,재직,,,33
E1341,개발,4.3,B,66,33,재직,,,28
E1342,개발,4.2,C,93,36,재직,,,31
E1343,개발,4.4,B,71,22,재직,,,18
E1344,개발,2.2,A,60,8,재직,,,15
E1345,개발,0.7,C,81,18,재직,,,24
E1346,개발,2.7,B,56,21,재직,,,26
E1347,개발,0.3,C,51,20,재직,,,40
E1348,개발,2.2,A,88,13,재직,,,8
E1349,개발,5.6,A,76,23,재직,,,20
E1350,개발,6.1,B,38,22,재직,,,36
E1351,개발,4.6,B,67,40,재직,,,35
E1352,개발,5.2,B,48,38,재직,,,41
E1353,개발,5.5,B,60,13,재직,,,26
E1354,개발,5.2,B,52,36,재직,,,32
E1355,개발,6.0,A,93,20,재직,,,15
E1356,개발,2.0,A,57,9,재직,,,25
E1357,개발,2.3,S,72,27,재직,,,21
E1358,개발,2.8,A,43,22,재직,,,32
E1359,개발,4.7,C,65,34,재직,,,34
E1360,개발,6.0,S,87,13,재직,,,12
E1361,개발,5.4,B,57,10,재직,,,23
E1362,개발,5.7,A,46,13,재직,,,23
E1363,개발,4.9,A,73,20,재직,,,19
E1364,개발,5.7,B,44,27,재직,,,39
E1365,개발,1.7,C,53,26,재직,,,39
E1366,개발,2.9,A,92,8,재직,,,8
E1367,개발,4.9,D,64,40,재직,,,38
E1368,개발,3.2,B,57,25,재직,,,33
E1369,개발,0.3,B,87,9,재직,,,12
E1370,개발,1.6,C,43,29,재직,,,41
E1371,개발,1.8,S,70,35,재직,,,29
E1372,개발,0.6,B,73,26,재직,,,25
E1373,개발,1.4,C,88,13,재직,,,23
E1374,개발,3.4,C,67,27,재직,,,41
E1375,개발,2.5,A,50,38,재직,,,37
E1376,개발,1.6,B,50,20,재직,,,34
E1377,개발,5.2,A,81,38,재직,,,23
E1378,개발,4.1,B,76,31,재직,,,22
E1379,개발,2.2,A,57,35,재직,,,32
E1380,개발,0.9,S,70,20,재직,,,20
E1381,개발,1.4,B,65,39,재직,,,31
E1382,개발,5.2,A,78,37,재직,,,24
E1383,개발,3.6,B,42,41,재직,,,41
E1384,개발,3.4,A,72,39,재직,,,31
E1385,개발,4.6,B,82,7,재직,,,12
E1386,개발,4.2,A,40,32,재직,,,37
E1387,개발,2.6,S,92,23,재직,,,11
E1388,개발,4.4,B,59,23,재직,,,21
E1389,개발,4.3,A,60,36,재직,,,28
E1390,개발,3.4,A,88,41,재직,,,17
E1391,개발,4.7,D,49,36,재직,,,41
E1392,개발,1.9,B,74,11,재직,,,16
E1393,개발,6.2,A,38,26,재직,,,37
E1394,개발,2.1,B,76,13,재직,,,13
E1395,개발,3.6,C,70,37,재직,,,34
E1396,개발,1.8,D,79,12,재직,,,26
E1397,개발,2.2,B,45,12,재직,,,32
E1398,개발,1.1,A,94,27,재직,,,18
E1399,개발,4.6,S,55,7,재직,,,25
E1400,개발,1.8,C,66,30,재직,,,42
E1401,개발,5.1,S,44,9,재직,,,25
E1402,개발,1.5,B,72,7,재직,,,11
E1403,개발,1.4,A,74,35,재직,,,31
E1404,개발,1.3,B,47,26,재직,,,29
E1405,개발,3.5,C,84,44,재직,,,30
E1406,개발,4.4,S,40,28,재직,,,31
E1407,개발,1.9,D,74,11,재직,,,28
E1408,개발,1.0,C,67,32,재직,,,32
E1409,개발,5.0,A,78,39,재직,,,23
E1410,개발,5.2,B,50,44,재직,,,36
E1411,개발,1.7,D,63,27,재직,,,30
E1412,개발,5.7,A,67,24,재직,,,26
E1413,개발,1.9,D,48,37,재직,,,48
E1414,개발,5.1,B,84,43,재직,,,26
E1415,개발,5.1,A,38,25,재직,,,38
E1416,개발,5.9,A,42,19,재직,,,28
E1417,개발,6.2,C,76,24,재직,,,28
E1418,개발,0.5,A,72,18,재직,,,14
E1419,개발,4.1,C,77,29,재직,,,27
E1420,개발,0.5,A,39,22,재직,,,34
E1421,개발,0.4,A,59,10,재직,,,15
E1422,개발,3.6,B,73,29,재직,,,19
E1423,개발,5.2,C,71,35,재직,,,36
E1424,개발,3.5,C,41,28,재직,,,51
E1425,개발,0.7,B,75,19,재직,,,13
E1426,개발,2.7,S,37,33,재직,,,39
E1427,개발,4.9,A,44,18,재직,,,26
E1428,개발,4.8,B,35,33,재직,,,46
E1429,개발,2.8,S,44,25,재직,,,37
E1430,개발,2.8,A,89,17,재직,,,8
E1431,마케팅,4.1,A,72,9,재직,,,15
E1432,마케팅,5.7,B,71,33,재직,,,29
E1433,마케팅,5.2,C,44,32,재직,,,46
E1434,마케팅,1.2,A,73,39,재직,,,29
E1435,마케팅,2.3,D,67,39,재직,,,38
E1436,마케팅,1.0,A,84,33,재직,,,24
E1437,마케팅,1.9,B,62,16,재직,,,26
E1438,마케팅,0.9,A,39,40,재직,,,43
E1439,마케팅,1.7,B,48,39,재직,,,39
E1440,마케팅,4.9,A,73,22,재직,,,22
E1441,마케팅,6.2,A,40,10,재직,,,31
E1442,마케팅,5.5,B,67,41,재직,,,34
E1443,마케팅,1.8,B,70,31,재직,,,20
E1444,마케팅,3.8,A,55,20,재직,,,25
E1445,마케팅,0.7,A,68,37,재직,,,23
E1446,마케팅,3.1,A,41,28,재직,,,33
E1447,마케팅,4.2,A,70,39,재직,,,24
E1448,마케팅,3.8,B,49,8,재직,,,18
E1449,마케팅,5.3,A,81,7,재직,,,14
E1450,마케팅,0.5,A,62,16,재직,,,20
E1451,마케팅,2.2,B,41,24,재직,,,35
E1452,마케팅,1.2,B,88,35,재직,,,25
E1453,마케팅,5.2,C,45,31,재직,,,43
E1454,마케팅,3.3,C,36,17,재직,,,37
E1455,마케팅,3.1,B,64,17,재직,,,17
E1456,마케팅,0.5,B,70,15,재직,,,13
E1457,마케팅,3.9,B,36,20,재직,,,34
E1458,마케팅,2.4,B,60,38,재직,,,28
E1459,마케팅,4.1,A,56,32,재직,,,30
E1460,마케팅,5.5,B,85,9,재직,,,11
E1461,마케팅,5.3,A,72,29,재직,,,26
E1462,마케팅,1.8,A,41,40,재직,,,41
E1463,마케팅,1.5,C,91,23,재직,,,19
E1464,마케팅,0.7,B,61,19,재직,,,23
E1465,마케팅,0.6,A,81,37,재직,,,25
E1466,마케팅,2.3,A,37,24,재직,,,34
E1467,마케팅,1.9,B,51,38,재직,,,42
E1468,마케팅,1.1,B,61,12,재직,,,15
E1469,마케팅,1.9,B,67,34,재직,,,30
E1470,마케팅,3.9,B,84,18,재직,,,13
E1471,마케팅,1.2,B,45,29,재직,,,36
E1472,마케팅,5.6,B,79,30,재직,,,24
E1473,마케팅,1.7,A,89,28,재직,,,14
E1474,마케팅,5.5,A,66,41,재직,,,32
E1475,마케팅,0.3,B,68,19,재직,,,24
E1476,마케팅,4.3,B,92,30,재직,,,15
E1477,마케팅,5.1,A,43,38,재직,,,43
E1478,마케팅,3.1,B,67,19,재직,,,18
E1479,마케팅,4.2,B,75,17,재직,,,17
E1480,마케팅,5.0,B,61,24,재직,,,25
E1481,마케팅,6.0,B,79,44,재직,,,33
E1482,마케팅,0.9,B,40,40,재직,,,42
E1483,마케팅,0.7,B,77,26,재직,,,25
E1484,마케팅,3.7,B,56,39,재직,,,29
E1485,마케팅,0.7,B,59,40,재직,,,31
E1486,마케팅,6.0,C,79,25,재직,,,27
E1487,마케팅,5.6,B,71,17,재직,,,21
E1488,마케팅,1.0,A,53,20,재직,,,29
E1489,마케팅,1.7,C,63,36,재직,,,36
E1490,마케팅,6.2,C,57,18,재직,,,36
E1491,마케팅,3.9,C,73,25,재직,,,35
E1492,마케팅,5.8,B,79,31,재직,,,25
E1493,마케팅,3.1,B,42,39,재직,,,38
E1494,마케팅,4.2,A,92,13,재직,,,13
E1495,마케팅,1.8,B,69,21,재직,,,23
E1496,마케팅,5.4,B,61,24,재직,,,22
E1497,마케팅,2.3,S,94,18,재직,,,8
E1498,마케팅,3.9,A,41,44,재직,,,42
E1499,마케팅,6.2,B,56,12,재직,,,28
E1500,마케팅,3.9,B,46,9,재직,,,21
E1501,마케팅,3.2,C,89,40,재직,,,27
E1502,마케팅,6.0,C,77,43,재직,,,40
E1503,마케팅,1.0,S,76,10,재직,,,17
E1504,마케팅,3.0,D,35,22,재직,,,47
E1505,마케팅,4.5,A,46,11,재직,,,24
E1506,마케팅,0.9,A,73,38,재직,,,26
E1507,마케팅,3.6,A,62,44,재직,,,35
E1508,마케팅,4.0,C,65,42,재직,,,42
E1509,마케팅,0.4,D,87,31,재직,,,23
E1510,마케팅,5.7,D,76,28,재직,,,36
E1511,마케팅,3.0,B,50,19,재직,,,30
E1512,마케팅,1.8,B,69,40,재직,,,25
E1513,마케팅,4.4,B,46,28,재직,,,29
E1514,마케팅,3.0,A,61,34,재직,,,32
E1515,마케팅,1.6,A,83,16,재직,,,17
E1516,마케팅,2.2,A,74,29,재직,,,28
E1517,마케팅,3.4,B,37,12,재직,,,25
E1518,마케팅,2.1,B,75,17,재직,,,14
E1519,마케팅,5.2,B,90,15,재직,,,15
E1520,마케팅,5.2,S,83,30,재직,,,17
E1521,마케팅,1.1,B,83,15,재직,,,14
E1522,마케팅,5.8,B,79,32,재직,,,23
E1523,마케팅,2.7,B,44,16,재직,,,27
E1524,마케팅,1.8,B,76,20,재직,,,20
E1525,마케팅,6.2,C,35,11,재직,,,40
E1526,마케팅,3.8,A,61,10,재직,,,16
E1527,마케팅,5.7,D,52,31,재직,,,44
E1528,마케팅,2.8,A,80,39,재직,,,29
E1529,마케팅,4.9,C,64,17,재직,,,33
E1530,마케팅,0.8,A,82,28,재직,,,16
E1531,마케팅,5.8,B,67,34,재직,,,29
E1532,마케팅,2.3,A,80,8,재직,,,9
E1533,마케팅,4.3,B,39,14,재직,,,34
E1534,마케팅,4.6,C,84,42,재직,,,32
E1535,마케팅,6.2,A,43,16,재직,,,33
E1536,마케팅,4.8,C,94,39,재직,,,27
E1537,마케팅,3.4,A,44,21,재직,,,34
E1538,마케팅,2.9,B,56,22,재직,,,27
E1539,마케팅,1.3,A,61,42,재직,,,31
E1540,마케팅,4.4,B,81,17,재직,,,16
E1541,마케팅,2.2,C,93,44,재직,,,26
E1542,마케팅,1.9,B,82,27,재직,,,20
E1543,마케팅,4.5,C,60,27,재직,,,32
E1544,마케팅,0.8,A,45,13,재직,,,26
E1545,마케팅,3.8,A,56,14,재직,,,25
E1546,마케팅,2.6,A,79,36,재직,,,25
E1547,마케팅,2.3,B,47,34,재직,,,39
E1548,마케팅,5.8,A,80,12,재직,,,11
E1549,마케팅,3.0,S,89,39,재직,,,26
E1550,마케팅,0.9,B,46,31,재직,,,34
E1551,마케팅,0.6,C,35,21,재직,,,44
E1552,마케팅,0.7,D,60,20,재직,,,39
E1553,마케팅,0.5,B,51,15,재직,,,21
E1554,마케팅,4.5,A,40,44,재직,,,47
E1555,마케팅,0.4,B,35,42,재직,,,47
E1556,마케팅,6.2,B,76,37,재직,,,26
E1557,마케팅,5.6,B,85,16,재직,,,8
E1558,마케팅,6.2,B,78,39,재직,,,29
E1559,마케팅,3.8,S,45,18,재직,,,35
E1560,마케팅,5.8,A,61,16,재직,,,26
E1561,마케팅,5.9,C,76,17,재직,,,27
E1562,마케팅,4.3,C,35,35,재직,,,46
E1563,마케팅,3.7,A,49,20,재직,,,33
E1564,마케팅,3.2,C,49,35,재직,,,46
E1565,마케팅,5.1,A,36,33,재직,,,40
E1566,마케팅,1.7,A,62,43,재직,,,30
E1567,마케팅,4.5,B,79,14,재직,,,17
E1568,마케팅,5.8,A,76,8,재직,,,9
E1569,마케팅,3.6,A,86,44,재직,,,30
E1570,마케팅,3.7,A,67,31,재직,,,22
E1571,마케팅,5.4,C,82,13,재직,,,26
E1572,마케팅,5.7,B,63,33,재직,,,29
E1573,마케팅,0.9,B,57,11,재직,,,17
E1574,마케팅,1.8,S,69,31,재직,,,22
E1575,마케팅,4.7,D,93,40,재직,,,31
E1576,마케팅,5.6,B,36,32,재직,,,40
E1577,마케팅,3.1,A,35,19,재직,,,37
E1578,마케팅,4.4,A,54,15,재직,,,19
E1579,마케팅,4.0,S,60,39,재직,,,30
E1580,마케팅,5.1,B,35,8,재직,,,30
E1581,마케팅,3.6,C,61,23,재직,,,37
E1582,마케팅,1.4,A,82,30,재직,,,17
E1583,마케팅,1.9,B,88,10,재직,,,13
E1584,마케팅,0.6,A,88,22,재직,,,18
E1585,마케팅,1.1,C,87,34,재직,,,31
E1586,마케팅,6.0,C,81,40,재직,,,37
E1587,마케팅,3.8,B,52,17,재직,,,27
E1588,마케팅,1.6,B,88,31,재직,,,22
E1589,마케팅,5.9,B,83,31,재직,,,24
E1590,마케팅,5.7,B,87,43,재직,,,27
E1591,마케팅,4.0,B,53,18,재직,,,27
E1592,마케팅,3.3,A,46,15,재직,,,27
E1593,마케팅,5.4,B,78,7,재직,,,11
E1594,마케팅,5.7,B,48,36,재직,,,31
E1595,마케팅,6.0,A,73,14,재직,,,15
E1596,마케팅,3.3,C,94,17,재직,,,17
E1597,마케팅,1.2,B,40,40,재직,,,45
E1598,마케팅,5.5,A,47,14,재직,,,32
E1599,마케팅,1.2,C,45,9,재직,,,30
E1600,마케팅,2.9,A,56,21,재직,,,23
E1601,마케팅,0.7,B,45,22,재직,,,32
E1602,마케팅,4.7,C,66,16,재직,,,26
E1603,마케팅,3.5,C,88,31,재직,,,33
E1604,마케팅,5.9,A,62,15,재직,,,16
E1605,마케팅,2.8,B,43,15,재직,,,26
E1606,마케팅,4.9,C,66,30,재직,,,31
E1607,마케팅,0.5,C,35,39,재직,,,57
E1608,마케팅,2.8,B,36,9,재직,,,24
E1609,마케팅,2.3,A,63,41,재직,,,33
E1610,마케팅,1.0,C,57,8,재직,,,36
E1611,마케팅,3.1,B,87,36,재직,,,21
E1612,마케팅,3.2,B,67,13,재직,,,13
E1613,마케팅,4.8,C,92,14,재직,,,16
E1614,마케팅,0.4,D,85,24,재직,,,32
E1615,마케팅,1.6,A,54,22,재직,,,28
E1616,마케팅,6.1,D,76,22,재직,,,30
E1617,마케팅,1.5,B,64,21,재직,,,19
E1618,마케팅,5.3,B,83,8,재직,,,10
E1619,마케팅,4.0,A,89,22,재직,,,19
E1620,마케팅,6.1,B,91,23,재직,,,18
E1621,마케팅,5.2,B,92,27,재직,,,19
E1622,마케팅,5.2,B,82,33,재직,,,20
E1623,마케팅,3.8,D,44,22,재직,,,36
E1624,마케팅,2.1,B,65,9,재직,,,19
E1625,마케팅,5.4,B,84,30,재직,,,16
E1626,마케팅,3.9,C,55,11,재직,,,35
E1627,마케팅,3.4,B,84,11,재직,,,13
E1628,마케팅,3.3,C,80,42,재직,,,42
E1629,마케팅,1.4,A,36,20,재직,,,31
E1630,마케팅,1.1,A,62,12,재직,,,17
E1631,마케팅,5.3,C,83,30,재직,,,27
E1632,마케팅,2.1,B,65,44,재직,,,35
E1633,마케팅,5.0,A,36,21,재직,,,39
E1634,마케팅,0.8,A,89,36,재직,,,20
E1635,마케팅,3.4,B,59,19,재직,,,19
E1636,마케팅,5.5,C,39,29,재직,,,43
E1637,마케팅,2.0,D,92,33,재직,,,25
E1638,마케팅,2.2,B,75,37,재직,,,23
E1639,마케팅,1.8,A,66,29,재직,,,20
E1640,마케팅,2.7,B,61,34,재직,,,31
E1641,마케팅,2.1,B,94,29,재직,,,17
E1642,마케팅,4.5,B,73,32,재직,,,27
E1643,마케팅,5.1,B,35,44,재직,,,42
E1644,마케팅,3.8,B,60,41,재직,,,29
E1645,마케팅,2.6,B,82,44,재직,,,21
E1646,마케팅,0.5,A,77,31,재직,,,17
E1647,마케팅,2.4,A,91,41,재직,,,19
E1648,마케팅,1.2,C,52,25,재직,,,39
E1649,마케팅,5.8,A,82,18,재직,,,11
E1650,마케팅,0.3,B,48,12,재직,,,29
E1651,마케팅,2.0,A,43,9,재직,,,29
E1652,마케팅,3.7,D,88,12,재직,,,16
E1653,마케팅,3.4,B,53,26,재직,,,31
E1654,마케팅,3.7,A,47,44,재직,,,44
E1655,마케팅,3.9,B,60,30,재직,,,29
E1656,마케팅,6.0,A,71,19,재직,,,23
E1657,마케팅,4.9,B,56,35,재직,,,39
E1658,마케팅,5.1,D,41,8,재직,,,31
E1659,마케팅,0.9,B,39,16,재직,,,27
E1660,마케팅,1.0,B,87,43,재직,,,24
E1661,마케팅,4.2,C,42,38,재직,,,54
E1662,마케팅,3.4,D,70,20,재직,,,32
E1663,마케팅,2.9,B,48,42,재직,,,38
E1664,마케팅,5.5,B,74,32,재직,,,27
E1665,마케팅,4.9,D,68,23,재직,,,27
E1666,마케팅,5.0,B,57,38,재직,,,35
E1667,마케팅,2.4,C,93,34,재직,,,29
E1668,마케팅,3.8,A,81,25,재직,,,15
E1669,영업,1.0,C,69,34,재직,,,34
E1670,영업,3.2,A,46,38,재직,,,43
E1671,영업,5.5,C,81,39,재직,,,33
E1672,영업,4.6,B,94,17,재직,,,14
E1673,영업,2.6,C,37,41,재직,,,57
E1674,영업,4.6,B,81,7,재직,,,8
E1675,영업,3.7,C,68,30,재직,,,38
E1676,영업,1.3,A,64,24,재직,,,26
E1677,영업,6.3,A,70,36,재직,,,27
E1678,영업,2.5,B,50,12,재직,,,21
E1679,영업,1.2,C,91,41,재직,,,29
E1680,영업,4.0,B,45,17,재직,,,29
E1681,영업,3.7,B,85,32,재직,,,18
E1682,영업,1.7,D,89,34,재직,,,32
E1683,영업,4.3,B,59,37,재직,,,30
E1684,영업,6.1,B,86,10,재직,,,8
E1685,영업,0.4,B,94,41,재직,,,25
E1686,영업,2.9,D,87,31,재직,,,33
E1687,영업,3.3,D,45,29,재직,,,50
E1688,영업,2.3,B,86,10,재직,,,10
E1689,영업,1.2,A,89,13,재직,,,8
E1690,영업,2.2,B,51,28,재직,,,36
E1691,영업,1.0,C,89,11,재직,,,17
E1692,영업,1.5,B,72,10,재직,,,12
E1693,영업,2.0,B,46,7,재직,,,18
E1694,영업,1.2,A,35,28,재직,,,37
E1695,영업,3.8,A,80,42,재직,,,31
E1696,영업,5.1,B,81,15,재직,,,16
E1697,영업,3.0,A,43,24,재직,,,37
E1698,영업,3.4,A,59,22,재직,,,27
E1699,영업,0.8,S,38,43,재직,,,42
E1700,영업,1.9,A,64,14,재직,,,21
E1701,영업,1.1,A,81,40,재직,,,21
E1702,영업,4.3,C,93,22,재직,,,27
E1703,영업,2.2,D,40,9,재직,,,36
E1704,영업,3.1,S,86,15,재직,,,16
E1705,영업,3.0,C,42,34,재직,,,45
E1706,영업,2.8,S,43,15,재직,,,34
E1707,영업,4.4,A,73,32,재직,,,23
E1708,영업,1.8,B,88,8,재직,,,13
E1709,영업,3.8,A,73,26,재직,,,21
E1710,영업,5.3,C,50,32,재직,,,38
E1711,영업,1.1,B,84,11,재직,,,16
E1712,영업,5.1,B,63,30,재직,,,32
E1713,영업,5.8,B,35,18,재직,,,32
E1714,영업,3.0,B,79,11,재직,,,9
E1715,영업,5.5,D,72,27,재직,,,32
E1716,영업,3.9,A,80,16,재직,,,13
E1717,영업,1.5,A,52,22,재직,,,28
E1718,영업,1.0,B,70,10,재직,,,18
E1719,영업,0.6,B,89,10,재직,,,14
E1720,영업,1.9,B,47,26,재직,,,32
E1721,영업,2.3,A,61,37,재직,,,29
E1722,영업,1.6,C,38,10,재직,,,44
E1723,영업,3.4,C,75,24,재직,,,35
E1724,영업,5.2,A,92,25,재직,,,12
E1725,영업,2.7,B,70,18,재직,,,15
E1726,영업,4.1,B,52,22,재직,,,29
E1727,영업,5.4,B,77,12,재직,,,19
E1728,영업,4.7,B,58,39,재직,,,36
E1729,영업,4.6,B,60,9,재직,,,22
E1730,영업,2.8,B,90,35,재직,,,14
E1731,영업,4.7,C,50,30,재직,,,43
E1732,영업,5.4,A,35,36,재직,,,45
E1733,영업,3.9,B,64,31,재직,,,26
E1734,영업,3.5,A,93,43,재직,,,25
E1735,영업,0.6,A,71,14,재직,,,17
E1736,영업,1.3,B,84,25,재직,,,12
E1737,영업,3.4,C,71,8,재직,,,30
E1738,영업,1.9,B,47,30,재직,,,36
E1739,영업,2.3,B,84,43,재직,,,29
E1740,영업,6.2,B,86,16,재직,,,9
E1741,영업,1.3,A,42,33,재직,,,32
E1742,영업,3.0,A,88,17,재직,,,8
E1743,영업,5.3,C,87,20,재직,,,29
E1744,영업,0.4,C,50,31,재직,,,47
E1745,영업,2.2,B,83,15,재직,,,16
E1746,영업,4.3,B,43,32,재직,,,37
E1747,영업,3.8,C,43,24,재직,,,39
E1748,영업,4.6,D,76,7,재직,,,19
E1749,영업,1.4,B,75,24,재직,,,18
E1750,영업,2.2,C,56,21,재직,,,41
E1751,영업,2.9,A,36,14,재직,,,27
E1752,영업,3.5,A,38,19,재직,,,33
E1753,영업,4.5,A,56,43,재직,,,32
E1754,영업,2.4,C,41,20,재직,,,45
E1755,영업,2.8,B,87,31,재직,,,23
E1756,영업,4.8,B,92,22,재직,,,13
E1757,영업,2.7,B,36,31,재직,,,37
E1758,영업,2.9,S,86,21,재직,,,16
E1759,영업,6.0,B,58,14,재직,,,23
E1760,영업,2.2,B,69,14,재직,,,24
E1761,영업,2.2,C,63,33,재직,,,40
E1762,영업,5.0,B,40,10,재직,,,32
E1763,영업,1.5,B,50,16,재직,,,29
E1764,영업,3.2,B,41,25,재직,,,30
E1765,영업,3.2,B,69,39,재직,,,29
E1766,영업,2.0,B,54,36,재직,,,30
E1767,영업,3.8,D,70,11,재직,,,32
E1768,영업,0.7,B,63,37,재직,,,30
E1769,영업,4.9,A,39,12,재직,,,28
E1770,영업,4.6,B,38,9,재직,,,23
E1771,영업,6.2,C,38,8,재직,,,43
E1772,영업,5.3,C,71,40,재직,,,44
E1773,영업,5.3,B,84,14,재직,,,11
E1774,영업,4.4,C,88,15,재직,,,19
E1775,영업,4.6,C,51,44,재직,,,50
E1776,영업,6.3,D,81,22,재직,,,27
E1777,영업,4.3,B,72,8,재직,,,13
E1778,영업,2.5,B,61,36,재직,,,37
E1779,영업,2.8,B,53,21,재직,,,33
E1780,영업,6.1,B,90,17,재직,,,8
E1781,영업,2.4,C,93,19,재직,,,26
E1782,영업,2.5,B,79,41,재직,,,29
E1783,영업,3.4,S,88,23,재직,,,19
E1784,영업,1.0,S,79,42,재직,,,29
E1785,영업,4.2,D,80,23,재직,,,30
E1786,영업,6.2,B,58,29,재직,,,25
E1787,영업,0.6,C,59,29,재직,,,41
E1788,영업,1.5,B,62,37,재직,,,27
E1789,영업,3.0,S,94,38,재직,,,19
E1790,영업,4.8,D,66,16,재직,,,35
E1791,영업,0.3,B,43,18,재직,,,27
E1792,영업,3.1,B,50,24,재직,,,36
E1793,영업,0.7,S,58,11,재직,,,21
E1794,영업,2.0,A,50,33,재직,,,29
E1795,영업,2.7,B,76,9,재직,,,14
E1796,영업,0.4,A,69,20,재직,,,27
E1797,영업,4.1,B,84,34,재직,,,16
E1798,영업,4.4,A,92,26,재직,,,9
E1799,영업,2.0,B,71,27,재직,,,24
E1800,영업,1.6,B,80,32,재직,,,16
E1801,영업,6.0,B,71,11,재직,,,21
E1802,영업,3.9,A,41,23,재직,,,35
E1803,영업,3.0,C,50,26,재직,,,38
E1804,영업,3.8,C,81,27,재직,,,24
E1805,영업,5.6,B,80,38,재직,,,22
E1806,영업,2.1,D,75,43,재직,,,37
E1807,영업,3.1,A,50,17,재직,,,31
E1808,영업,2.5,B,39,8,재직,,,25
E1809,영업,4.7,B,81,21,재직,,,19
E1810,영업,4.8,A,55,41,재직,,,32
E1811,영업,3.1,D,36,38,재직,,,49
E1812,영업,1.4,B,62,18,재직,,,17
E1813,영업,2.5,C,73,16,재직,,,31
E1814,영업,0.7,C,93,27,재직,,,28
E1815,영업,5.3,B,76,20,재직,,,13
E1816,영업,2.3,C,42,15,재직,,,45
E1817,영업,4.5,A,70,29,재직,,,22
E1818,영업,2.1,B,58,21,재직,,,28
E1819,영업,3.6,D,39,11,재직,,,35
E1820,영업,0.6,B,52,19,재직,,,32
E1821,영업,5.3,B,80,18,재직,,,19
E1822,영업,1.2,B,82,15,재직,,,19
E1823,영업,4.2,A,36,42,재직,,,41
E1824,영업,1.7,A,65,10,재직,,,12
E1825,영업,5.3,C,45,16,재직,,,41
E1826,영업,2.0,B,59,10,재직,,,23
E1827,영업,2.0,A,84,29,재직,,,14
E1828,영업,4.9,B,51,36,재직,,,31
E1829,영업,3.2,B,84,33,재직,,,25
E1830,영업,1.3,B,75,20,재직,,,15
E1831,영업,3.2,A,45,11,재직,,,25
E1832,영업,5.7,A,66,42,재직,,,28
E1833,영업,5.1,S,58,10,재직,,,26
E1834,영업,5.6,B,47,21,재직,,,31
E1835,영업,5.8,A,54,31,재직,,,32
E1836,영업,3.3,A,68,14,재직,,,18
E1837,영업,3.4,C,78,7,재직,,,27
E1838,영업,2.8,C,68,38,재직,,,42
E1839,영업,5.7,B,56,40,재직,,,32
E1840,영업,5.6,A,53,34,재직,,,34
E1841,영업,1.3,D,62,43,재직,,,50
E1842,영업,4.9,B,54,17,재직,,,20
E1843,영업,1.1,B,59,37,재직,,,30
E1844,영업,4.8,B,56,8,재직,,,18
E1845,영업,3.7,C,39,37,재직,,,51
E1846,영업,5.8,A,79,30,재직,,,18
E1847,영업,2.1,B,84,39,재직,,,24
E1848,영업,0.7,C,41,22,재직,,,41
E1849,영업,3.8,C,91,42,재직,,,34
E1850,영업,4.1,A,67,18,재직,,,27
E1851,영업,5.0,A,71,27,재직,,,24
E1852,영업,4.7,B,48,16,재직,,,33
E1853,영업,4.5,C,39,21,재직,,,38
E1854,영업,6.2,B,90,17,재직,,,15
E1855,영업,2.2,B,71,17,재직,,,25
E1856,영업,3.0,D,50,33,재직,,,46
E1857,영업,0.4,A,88,18,재직,,,11
E1858,영업,1.4,A,64,10,재직,,,19
E1859,영업,5.4,D,42,42,재직,,,56
E1860,영업,0.9,B,67,18,재직,,,16
E1861,영업,1.5,A,90,23,재직,,,18
E1862,영업,0.6,B,77,20,재직,,,19
E1863,영업,0.6,B,70,31,재직,,,23
E1864,영업,2.4,A,67,9,재직,,,21
E1865,영업,0.6,C,78,35,재직,,,39
E1866,영업,4.4,B,57,42,재직,,,37
E1867,영업,5.5,A,62,15,재직,,,26
E1868,영업,5.4,B,44,44,재직,,,39
E1869,영업,0.4,D,38,36,재직,,,46
E1870,영업,4.3,C,93,10,재직,,,20
E1871,영업,3.9,A,68,16,재직,,,14
E1872,영업,4.4,B,58,42,재직,,,36
E1873,영업,3.3,B,90,21,재직,,,8
E1874,영업,5.5,B,81,30,재직,,,15
E1875,영업,5.2,A,94,28,재직,,,14
E1876,영업,5.0,C,80,33,재직,,,31
E1877,영업,1.3,A,93,9,재직,,,8
E1878,영업,5.0,B,68,41,재직,,,36
E1879,영업,4.3,A,71,34,재직,,,24
E1880,영업,5.0,A,61,18,재직,,,27
E1881,영업,3.0,B,68,33,재직,,,22
E1882,영업,2.2,B,77,34,재직,,,22
E1883,영업,4.0,A,35,31,재직,,,38
E1884,영업,5.9,C,48,35,재직,,,51
E1885,영업,4.3,C,47,23,재직,,,38
E1886,영업,1.6,B,76,34,재직,,,23
E1887,영업,1.5,A,53,8,재직,,,23
E1888,영업,0.7,B,94,29,재직,,,21
E1889,영업,0.4,C,77,12,재직,,,30
E1890,영업,1.2,B,67,21,재직,,,24
E1891,영업,3.4,B,46,14,재직,,,28
E1892,영업,0.9,B,78,43,재직,,,32
E1893,영업,1.6,C,80,15,재직,,,27
E1894,PM,0.8,B,83,33,재직,,,20
E1895,PM,5.8,B,94,8,재직,,,8
E1896,PM,6.2,C,80,18,재직,,,26
E1897,PM,5.3,A,90,10,재직,,,13
E1898,PM,1.9,C,71,13,재직,,,32
E1899,PM,2.2,C,49,44,재직,,,49
E1900,PM,1.8,C,61,37,재직,,,41
E1901,PM,3.7,S,85,20,재직,,,12
E1902,PM,4.3,A,69,30,재직,,,20
E1903,PM,2.0,A,76,41,재직,,,22
E1904,PM,4.1,B,40,8,재직,,,23
E1905,PM,1.5,D,54,41,재직,,,49
E1906,PM,5.8,S,83,31,재직,,,26
E1907,PM,3.5,A,92,17,재직,,,12
E1908,PM,5.8,C,75,15,재직,,,22
E1909,PM,1.3,D,79,23,재직,,,25
E1910,PM,1.4,B,74,41,재직,,,31
E1911,PM,2.0,B,57,35,재직,,,38
E1912,PM,2.7,B,75,42,재직,,,27
E1913,PM,4.9,A,59,9,재직,,,15
E1914,PM,1.8,B,68,35,재직,,,29
E1915,PM,5.2,A,50,33,재직,,,37
E1916,PM,1.7,C,83,32,재직,,,30
E1917,PM,1.8,B,77,40,재직,,,28
E1918,PM,4.9,A,89,30,재직,,,12
E1919,PM,3.3,A,44,23,재직,,,38
E1920,PM,5.4,B,72,36,재직,,,30
E1921,PM,5.2,S,81,31,재직,,,16
E1922,PM,1.0,A,71,24,재직,,,26
E1923,PM,1.8,A,52,35,재직,,,35
E1924,PM,3.7,B,91,33,재직,,,15
E1925,PM,4.0,B,40,14,재직,,,35
E1926,PM,5.0,D,46,10,재직,,,41
E1927,PM,6.0,C,75,30,재직,,,36
E1928,PM,4.7,B,48,43,재직,,,37
E1929,PM,1.7,A,49,34,재직,,,35
E1930,PM,3.7,C,75,8,재직,,,19
E1931,PM,5.4,B,87,14,재직,,,9
E1932,PM,5.6,B,68,24,재직,,,25
E1933,PM,5.9,C,85,25,재직,,,27
E1934,PM,1.7,B,42,28,재직,,,36
E1935,PM,2.2,B,35,40,재직,,,47
E1936,PM,5.2,B,90,19,재직,,,15
E1937,PM,0.8,C,70,24,재직,,,32
E1938,PM,1.3,B,45,26,재직,,,38
E1939,PM,3.5,A,43,17,재직,,,32
E1940,PM,6.1,C,83,31,재직,,,32
E1941,PM,0.7,B,60,42,재직,,,39
E1942,PM,1.9,B,37,18,재직,,,29
E1943,PM,3.8,B,89,40,재직,,,22
E1944,PM,0.9,C,69,28,재직,,,29
E1945,PM,4.3,D,76,33,재직,,,36
E1946,PM,4.5,B,65,35,재직,,,26
E1947,PM,4.1,A,46,13,재직,,,23
E1948,PM,1.5,C,93,15,재직,,,18
E1949,PM,1.2,A,44,22,재직,,,32
E1950,PM,2.2,B,43,22,재직,,,27
E1951,PM,3.0,C,63,29,재직,,,38
E1952,PM,4.9,A,89,9,재직,,,8
E1953,PM,3.7,C,81,27,재직,,,33
E1954,PM,4.9,D,59,10,재직,,,35
E1955,PM,4.6,C,92,32,재직,,,32
E1956,PM,4.0,C,60,34,재직,,,42
E1957,PM,1.3,A,40,31,재직,,,38
E1958,PM,4.3,B,50,15,재직,,,27
E1959,PM,2.3,A,57,43,재직,,,30
E1960,PM,5.1,B,65,29,재직,,,26
E1961,PM,5.2,B,47,8,재직,,,29
E1962,PM,1.0,D,71,36,재직,,,43
E1963,PM,3.3,B,85,37,재직,,,17
E1964,PM,6.3,B,79,11,재직,,,12
E1965,PM,4.1,B,74,43,재직,,,29
E1966,PM,0.5,B,53,41,재직,,,38
E1967,PM,1.9,A,90,39,재직,,,27
E1968,PM,3.3,A,43,14,재직,,,26
E1969,PM,3.7,A,87,40,재직,,,28
E1970,PM,2.1,A,45,15,재직,,,31
E1971,PM,3.6,B,75,13,재직,,,11
E1972,PM,4.5,A,94,25,재직,,,8
E1973,PM,0.5,B,75,35,재직,,,29
E1974,PM,3.3,C,88,42,재직,,,34
E1975,PM,3.8,B,79,18,재직,,,14
E1976,PM,3.1,D,51,37,재직,,,51
E1977,PM,0.9,B,37,38,재직,,,46
E1978,PM,6.1,B,55,30,재직,,,29
E1979,PM,1.8,B,47,20,재직,,,36
E1980,PM,5.5,B,92,29,재직,,,18
E1981,PM,0.5,A,77,21,재직,,,22
E1982,PM,4.9,A,62,30,재직,,,34
E1983,PM,2.8,A,50,8,재직,,,23
E1984,PM,6.0,B,47,32,재직,,,31
E1985,PM,5.4,C,59,37,재직,,,42
E1986,PM,2.6,B,40,30,재직,,,39
E1987,PM,3.5,B,84,27,재직,,,14
E1988,PM,0.4,A,86,43,재직,,,24
E1989,PM,5.5,C,82,27,재직,,,31
E1990,PM,3.4,C,65,20,재직,,,37
E1991,PM,4.3,A,56,36,재직,,,35
E1992,PM,5.0,B,83,20,재직,,,19
E1993,PM,4.5,B,57,31,재직,,,37
E1994,PM,1.6,B,90,35,재직,,,23
E1995,PM,0.8,A,55,17,재직,,,31
E1996,PM,4.2,C,68,35,재직,,,34
E1997,PM,1.6,B,84,9,재직,,,14
E1998,PM,4.3,B,48,20,재직,,,34
E1999,PM,1.6,B,64,43,재직,,,36
E2000,PM,3.3,A,88,27,재직,,,18
E2001,PM,4.8,B,45,37,재직,,,40
E2002,PM,3.7,D,69,7,재직,,,23
E2003,PM,3.3,B,81,20,재직,,,22
E2004,PM,2.2,A,78,15,재직,,,11
E2005,PM,4.6,S,56,21,재직,,,25
E2006,PM,5.4,B,88,16,재직,,,16
E2007,PM,4.3,B,40,43,재직,,,40
E2008,PM,5.5,B,41,11,재직,,,33
E2009,PM,1.3,C,86,40,재직,,,29
E2010,PM,1.9,B,53,30,재직,,,28
E2011,PM,3.3,B,42,33,재직,,,42
E2012,PM,4.7,A,43,26,재직,,,37
E2013,PM,4.1,B,60,28,재직,,,27
E2014,PM,0.5,A,40,41,재직,,,42
E2015,PM,4.9,C,78,14,재직,,,22
E2016,PM,3.7,B,78,25,재직,,,17
E2017,PM,1.5,B,61,41,재직,,,28
E2018,PM,5.0,A,46,40,재직,,,41
E2019,PM,2.4,C,51,29,재직,,,40
E2020,PM,4.6,D,92,35,재직,,,26
E2021,PM,4.5,S,75,24,재직,,,17
E2022,PM,1.1,A,54,40,재직,,,37
E2023,PM,1.6,C,77,34,재직,,,36
E2024,PM,3.8,A,59,21,재직,,,21
E2025,PM,2.5,B,80,40,재직,,,22
E2026,PM,5.5,B,59,19,재직,,,28
E2027,PM,2.9,A,92,25,재직,,,15
E2028,PM,3.9,A,50,42,재직,,,38
E2029,PM,2.0,C,80,19,재직,,,30
E2030,PM,1.5,S,62,36,재직,,,27
E2031,PM,1.8,A,36,17,재직,,,36
E2032,PM,1.8,A,50,37,재직,,,38
E2033,PM,5.2,B,76,42,재직,,,25
E2034,PM,1.4,B,64,28,재직,,,29
E2035,PM,1.9,B,61,12,재직,,,26
E2036,PM,5.4,B,81,38,재직,,,24
E2037,PM,5.1,A,57,8,재직,,,18
E2038,PM,5.9,D,63,29,재직,,,34
E2039,PM,3.4,B,65,28,재직,,,25
E2040,PM,3.2,B,75,36,재직,,,26
E2041,PM,1.1,A,42,8,재직,,,32
E2042,PM,2.0,B,37,23,재직,,,32
E2043,PM,3.4,C,49,44,재직,,,51
E2044,PM,3.9,B,65,40,재직,,,30
E2045,PM,3.6,D,66,40,재직,,,45
E2046,PM,2.4,B,61,23,재직,,,22
E2047,PM,3.3,B,43,37,재직,,,43
E2048,PM,2.7,B,42,41,재직,,,42
E2049,PM,5.0,B,42,22,재직,,,36
E2050,PM,1.2,C,65,20,재직,,,33
E2051,PM,6.1,B,64,10,재직,,,24
E2052,PM,2.1,A,45,42,재직,,,35
E2053,PM,5.4,C,69,14,재직,,,31
E2054,PM,1.2,A,72,17,재직,,,18
E2055,PM,2.2,B,51,20,재직,,,31
E2056,PM,5.3,A,76,34,재직,,,22
E2057,PM,5.8,D,72,9,재직,,,23
E2058,PM,3.7,A,42,39,재직,,,41
E2059,PM,5.1,A,61,15,재직,,,19
E2060,PM,0.6,A,53,26,재직,,,33
E2061,PM,1.3,B,65,21,재직,,,19
E2062,PM,2.8,B,89,7,재직,,,12
E2063,PM,5.1,C,79,9,재직,,,19
E2064,PM,0.7,B,55,34,재직,,,29
E2065,PM,3.7,S,42,13,재직,,,29
E2066,PM,0.3,A,88,13,재직,,,8
E2067,PM,5.0,C,63,16,재직,,,32
E2068,PM,0.8,B,57,27,재직,,,25
E2069,PM,5.8,B,80,17,재직,,,18
E2070,PM,5.0,C,59,13,재직,,,31
E2071,PM,0.4,C,77,28,재직,,,36
E2072,PM,4.3,C,73,20,재직,,,30
E2073,PM,5.2,A,67,9,재직,,,18
E2074,PM,4.2,B,78,31,재직,,,28
E2075,PM,6.0,B,37,13,재직,,,27
E2076,PM,5.7,A,84,8,재직,,,13
E2077,PM,2.9,A,86,35,재직,,,15
E2078,PM,6.2,C,79,44,재직,,,33
E2079,PM,0.8,C,40,16,재직,,,38
E2080,PM,2.8,S,46,31,재직,,,40
E2081,PM,3.9,B,63,22,재직,,,19
E2082,PM,5.8,A,68,7,재직,,,17
E2083,PM,0.6,S,92,24,재직,,,17
E2084,PM,0.6,B,71,39,재직,,,32
E2085,PM,3.5,S,43,42,재직,,,44
E2086,PM,4.6,A,36,38,재직,,,38
E2087,PM,2.8,B,68,33,재직,,,23
E2088,PM,5.1,B,90,26,재직,,,14
E2089,PM,3.6,A,44,10,재직,,,21
E2090,PM,1.8,C,55,19,재직,,,31
E2091,PM,2.4,B,89,8,재직,,,10
E2092,디자인,6.1,S,44,10,재직,,,25
E2093,디자인,0.3,B,37,7,재직,,,27
E2094,디자인,6.0,S,53,20,재직,,,22
E2095,디자인,4.9,B,88,23,재직,,,17
E2096,디자인,0.8,A,83,16,재직,,,10
E2097,디자인,1.6,A,46,22,재직,,,35
E2098,디자인,3.4,A,90,14,재직,,,8
E2099,디자인,1.2,B,63,18,재직,,,26
E2100,디자인,5.4,A,37,22,재직,,,33
E2101,디자인,0.5,C,37,33,재직,,,44
E2102,디자인,6.1,A,81,15,재직,,,8
E2103,디자인,4.9,B,52,29,재직,,,35
E2104,디자인,5.3,B,51,8,재직,,,18
E2105,디자인,1.2,B,43,21,재직,,,29
E2106,디자인,5.1,S,90,38,재직,,,16
E2107,디자인,0.5,B,47,32,재직,,,36
E2108,디자인,3.8,B,87,9,재직,,,14
E2109,디자인,4.3,S,69,39,재직,,,34
E2110,디자인,6.0,B,40,40,재직,,,38
E2111,디자인,1.0,A,47,22,재직,,,36
E2112,디자인,0.8,B,59,41,재직,,,32
E2113,디자인,0.4,A,42,29,재직,,,31
E2114,디자인,2.1,B,76,19,재직,,,19
E2115,디자인,3.2,C,88,24,재직,,,25
E2116,디자인,1.1,B,44,27,재직,,,33
E2117,디자인,0.7,B,60,30,재직,,,30
E2118,디자인,3.1,B,86,43,재직,,,24
E2119,디자인,4.9,C,41,30,재직,,,49
E2120,디자인,2.7,C,67,30,재직,,,31
E2121,디자인,4.8,D,53,29,재직,,,46
E2122,디자인,5.7,A,57,27,재직,,,30
E2123,디자인,2.0,B,64,37,재직,,,28
E2124,디자인,3.6,C,51,39,재직,,,47
E2125,디자인,4.0,A,65,15,재직,,,15
E2126,디자인,2.6,B,62,43,재직,,,38
E2127,디자인,4.1,S,71,11,재직,,,12
E2128,디자인,6.2,B,70,41,재직,,,30
E2129,디자인,5.3,B,63,11,재직,,,14
E2130,디자인,5.5,B,58,22,재직,,,26
E2131,디자인,5.2,A,67,36,재직,,,31
E2132,디자인,2.5,B,68,36,재직,,,32
E2133,디자인,2.2,B,45,21,재직,,,30
E2134,디자인,1.7,A,55,35,재직,,,39
E2135,디자인,3.9,B,61,29,재직,,,24
E2136,디자인,2.0,B,94,31,재직,,,16
E2137,디자인,6.0,A,52,43,재직,,,40
E2138,디자인,2.7,B,60,37,재직,,,30
E2139,디자인,2.8,B,49,11,재직,,,24
E2140,디자인,3.3,B,51,35,재직,,,33
E2141,디자인,3.1,A,80,36,재직,,,23
E2142,디자인,6.2,A,59,14,재직,,,21
E2143,디자인,0.9,C,38,7,재직,,,32
E2144,디자인,2.3,S,37,37,재직,,,45
E2145,디자인,1.4,A,56,33,재직,,,30
E2146,디자인,5.3,C,58,8,재직,,,30
E2147,디자인,0.3,B,61,20,재직,,,22
E2148,디자인,2.3,A,79,19,재직,,,11
E2149,디자인,0.9,C,49,34,재직,,,46
E2150,디자인,3.2,C,92,12,재직,,,22
E2151,디자인,6.0,B,94,16,재직,,,13
E2152,디자인,5.1,C,53,29,재직,,,43
E2153,디자인,0.5,S,45,41,재직,,,41
E2154,디자인,5.0,A,62,20,재직,,,21
E2155,디자인,3.2,C,78,28,재직,,,27
E2156,디자인,1.2,B,51,44,재직,,,39
E2157,디자인,1.5,B,42,12,재직,,,31
E2158,디자인,3.8,A,40,35,재직,,,43
E2159,디자인,3.0,D,88,33,재직,,,34
E2160,디자인,4.5,B,65,19,재직,,,25
E2161,디자인,1.4,A,77,11,재직,,,14
E2162,디자인,5.1,B,86,20,재직,,,19
E2163,디자인,2.8,A,38,41,재직,,,38
E2164,디자인,0.4,B,70,18,재직,,,23
E2165,디자인,3.7,D,81,37,재직,,,33
E2166,디자인,1.7,A,44,20,재직,,,31
E2167,디자인,5.6,B,94,7,재직,,,10
E2168,디자인,4.2,B,48,43,재직,,,44
E2169,디자인,1.5,C,71,38,재직,,,41
E2170,디자인,2.5,A,45,8,재직,,,25
E2171,디자인,5.6,C,36,18,재직,,,39
E2172,디자인,2.9,B,35,16,재직,,,36
E2173,디자인,2.2,A,84,31,재직,,,15
E2174,디자인,3.3,C,94,16,재직,,,20
E2175,디자인,6.1,C,81,34,재직,,,29
E2176,디자인,2.0,B,40,35,재직,,,39
E2177,디자인,1.3,B,48,32,재직,,,34
E2178,디자인,2.2,A,57,11,재직,,,27
E2179,디자인,1.5,D,88,36,재직,,,35
E2180,디자인,4.5,B,44,14,재직,,,27
E2181,디자인,0.5,A,56,8,재직,,,25
E2182,디자인,0.5,B,70,8,재직,,,12
E2183,디자인,1.8,B,83,36,재직,,,18
E2184,디자인,3.5,D,59,30,재직,,,42
E2185,디자인,3.8,B,56,30,재직,,,27
E2186,디자인,4.7,S,42,21,재직,,,35
E2187,디자인,5.0,A,46,11,재직,,,23
E2188,디자인,4.5,B,65,39,재직,,,35
E2189,디자인,5.5,A,71,17,재직,,,16
E2190,디자인,0.4,D,76,14,재직,,,29
E2191,디자인,2.3,B,73,36,재직,,,23
E2192,디자인,1.2,B,94,39,재직,,,15
E2193,디자인,3.5,A,41,23,재직,,,31
E2194,디자인,3.1,B,53,23,재직,,,24
E2195,디자인,3.2,D,58,8,재직,,,28
E2196,디자인,0.6,B,50,34,재직,,,40
E2197,디자인,0.8,A,91,9,재직,,,8
E2198,디자인,4.2,A,84,29,재직,,,14
E2199,디자인,0.4,S,60,31,재직,,,35
E2200,디자인,2.9,B,50,12,재직,,,30
E2201,디자인,4.7,C,54,35,재직,,,41
E2202,디자인,2.1,C,85,10,재직,,,23
E2203,디자인,1.3,C,47,36,재직,,,49
E2204,디자인,5.3,C,62,43,재직,,,47
E2205,디자인,3.6,B,79,17,재직,,,14
E2206,디자인,3.5,B,48,23,재직,,,25
E2207,디자인,3.3,A,89,34,재직,,,22
E2208,디자인,6.1,B,75,13,재직,,,14
E2209,디자인,5.8,A,48,20,재직,,,33
E2210,디자인,2.7,B,39,41,재직,,,38
E2211,디자인,5.2,B,55,40,재직,,,30
E2212,디자인,4.0,A,54,31,재직,,,34
E2213,디자인,5.4,B,89,35,재직,,,16
E2214,디자인,1.3,A,76,19,재직,,,20
E2215,디자인,4.1,A,78,37,재직,,,31
E2216,디자인,4.0,B,92,21,재직,,,14
E2217,디자인,5.7,A,52,35,재직,,,37
E2218,디자인,0.9,B,53,35,재직,,,29
E2219,디자인,1.7,A,69,39,재직,,,28
E2220,디자인,2.1,D,78,21,재직,,,30
E2221,디자인,1.3,B,44,35,재직,,,44
E2222,디자인,1.0,C,61,17,재직,,,32
E2223,디자인,2.4,A,76,22,재직,,,21
E2224,디자인,2.4,A,69,11,재직,,,17
E2225,디자인,2.0,A,55,32,재직,,,38
E2226,디자인,4.0,A,88,22,재직,,,11
E2227,디자인,4.1,B,81,19,재직,,,15
E2228,디자인,2.5,B,56,10,재직,,,23
E2229,디자인,2.8,C,44,7,재직,,,32
E2230,디자인,0.4,B,59,13,재직,,,25
E2231,디자인,3.9,C,87,41,재직,,,37
E2232,디자인,0.8,B,35,29,재직,,,40
E2233,디자인,5.9,B,62,40,재직,,,31
E2234,디자인,6.0,A,87,9,재직,,,10
E2235,디자인,5.1,S,44,11,재직,,,29
E2236,디자인,5.2,C,93,42,재직,,,27
E2237,디자인,1.0,B,78,39,재직,,,30
E2238,디자인,4.1,A,78,8,재직,,,12
E2239,디자인,0.9,A,75,33,재직,,,26
E2240,디자인,5.8,A,58,26,재직,,,31
E2241,디자인,6.1,S,72,31,재직,,,30
E2242,디자인,1.2,A,39,38,재직,,,39
E2243,디자인,3.5,D,55,12,재직,,,29
E2244,디자인,1.9,S,91,20,재직,,,8
E2245,디자인,1.9,A,41,26,재직,,,38
E2246,디자인,0.6,B,69,32,재직,,,30
E2247,디자인,2.2,A,38,15,재직,,,26
E2248,디자인,1.0,A,64,31,재직,,,26
E2249,디자인,2.9,B,89,34,재직,,,15
E2250,디자인,1.6,A,42,26,재직,,,38
E2251,디자인,5.9,B,89,12,재직,,,11
E2252,디자인,1.1,S,86,12,재직,,,13
E2253,디자인,2.5,C,94,24,재직,,,20
E2254,디자인,2.4,A,82,12,재직,,,15
E2255,디자인,6.0,B,47,44,재직,,,42
E2256,디자인,5.7,B,42,27,재직,,,29
E2257,디자인,2.0,D,78,34,재직,,,33
E2258,디자인,3.6,B,77,32,재직,,,18
E2259,디자인,0.6,S,54,12,재직,,,21
E2260,디자인,2.9,C,56,22,재직,,,41
E2261,디자인,2.2,B,45,33,재직,,,31
E2262,디자인,2.6,A,80,10,재직,,,8
E2263,디자인,0.7,S,39,23,재직,,,28
E2264,디자인,5.6,A,59,22,재직,,,31
E2265,디자인,3.0,A,39,21,재직,,,35
E2266,디자인,3.3,B,64,33,재직,,,30
E2267,디자인,4.9,B,58,17,재직,,,22
E2268,디자인,6.0,B,72,38,재직,,,24
E2269,디자인,0.5,B,37,12,재직,,,31
E2270,디자인,3.8,A,39,28,재직,,,39
E2271,디자인,1.4,A,54,14,재직,,,20
E2272,디자인,5.6,B,78,31,재직,,,18
E2273,디자인,5.4,D,89,29,재직,,,29
E2274,디자인,1.1,A,79,12,재직,,,8
E2275,디자인,2.8,B,46,21,재직,,,30
E2276,디자인,0.5,D,46,42,재직,,,53
E2277,디자인,0.7,B,76,19,재직,,,21
E2278,영업,2.0,A,37,41,퇴사,자발,2024.01,0
E2279,영업,2.6,A,39,60,퇴사,자발,2024.02,0
E2280,영업,0.5,A,29,66,퇴사,자발,2024.03,0
E2281,영업,2.9,D,36,63,퇴사,자발,2024.01,0
E2282,영업,2.5,B,39,63,퇴사,자발,2024.02,0
E2283,영업,3.6,C,46,49,퇴사,자발,2024.03,0
E2284,영업,4.1,B,47,44,퇴사,자발,2024.01,0
E2285,영업,4.0,B,28,55,퇴사,자발,2024.02,0
E2286,영업,3.4,B,44,64,퇴사,자발,2024.03,0
E2287,영업,1.1,C,30,74,퇴사,자발,2024.01,0
E2288,영업,0.9,B,29,72,퇴사,자발,2024.02,0
E2289,영업,0.6,B,45,40,퇴사,자발,2024.03,0
E2290,영업,2.4,B,35,53,퇴사,자발,2024.01,0
E2291,마케팅,2.4,B,33,42,퇴사,자발,2024.01,0
E2292,마케팅,3.2,S,48,60,퇴사,자발,2024.02,0
E2293,마케팅,1.6,B,37,50,퇴사,자발,2024.03,0
E2294,마케팅,1.4,C,44,38,퇴사,자발,2024.01,0
E2295,마케팅,2.4,B,25,70,퇴사,자발,2024.02,0
E2296,마케팅,1.2,A,25,59,퇴사,자발,2024.03,0
E2297,마케팅,2.7,B,43,41,퇴사,자발,2024.01,0
E2298,마케팅,3.1,C,47,38,퇴사,자발,2024.02,0
E2299,개발,2.9,D,26,65,퇴사,자발,2024.01,0
E2300,PM,1.6,D,20,47,퇴사,자발,2024.01,0
E2301,개발,0.8,B,17,48,퇴사,비자발,2024.01,0
E2302,마케팅,3.0,B,35,73,퇴사,비자발,2024.02,0
E2303,영업,2.8,B,33,71,퇴사,비자발,2024.03,0
E2304,PM,1.9,B,26,61,퇴사,비자발,2024.01,0
E2305,디자인,2.5,B,31,67,퇴사,비자발,2024.02,0
E2306,개발,1.1,A,20,52,퇴사,비자발,2024.03,0
E2307,마케팅,0.6,B,15,46,퇴사,비자발,2024.01,0
